{
	"info": {
		"_postman_id": "61b16f08-154b-40dc-af82-14b97fe0e4b3",
		"name": "Springboot-ehcache-tutorial",
		"schema": "https://schema.getpostman.com/json/collection/v2.1.0/collection.json"
	},
	"item": [
		{
			"name": "Get product by id",
			"request": {
				"method": "GET",
				"header": [],
				"body": {
					"mode": "raw",
					"raw": ""
				},
				"url": {
					"raw": "http://localhost:8102/api/product/1",
					"protocol": "http",
					"host": [
						"localhost"
					],
					"port": "8102",
					"path": [
						"api",
						"product",
						"1"
					]
				}
			},
			"response": []
		},
		{
			"name": "Delete product by id",
			"request": {
				"method": "DELETE",
				"header": [],
				"body": {
					"mode": "raw",
					"raw": ""
				},
				"url": {
					"raw": "http://localhost:8102/api/product/15",
					"protocol": "http",
					"host": [
						"localhost"
					],
					"port": "8102",
					"path": [
						"api",
						"product",
						"15"
					]
				}
			},
			"response": []
		},
		{
			"name": "Update product by id",
			"request": {
				"method": "PUT",
				"header": [],
				"body": {
					"mode": "raw",
					"raw": ""
				},
				"url": {
					"raw": "http://localhost:8102/api/product/11/Pancetta",
					"protocol": "http",
					"host": [
						"localhost"
					],
					"port": "8102",
					"path": [
						"api",
						"product",
						"11",
						"Pancetta"
					]
				}
			},
			"response": []
		}
	]
}